<monitor>
    <name>DropwizardMonitor</name>
    <type>managed</type>
    <description>Dropwizard monitoring extension</description>
    <monitor-configuration>
    </monitor-configuration>
    <monitor-run-task>
        <execution-style>periodic</execution-style>
        <execution-frequency-in-seconds>60</execution-frequency-in-seconds>
        <name>Dropwizard Monitor Run Task</name>
        <display-name>Dropwizard Task</display-name>
        <description>Dropwizard Task</description>
        <type>java</type>
        <execution-timeout-in-secs>120</execution-timeout-in-secs>
        <task-arguments>
            <argument name="config-file" is-required="true" default-value="monitors/DropwizardMonitor/config.yml" />
        </task-arguments>
        <java-task>
            <classpath>dropwizard-monitoring-extension.jar</classpath>
            <impl-class>com.appdynamics.monitors.DropwizardMonitor</impl-class>
        </java-task>
    </monitor-run-task>
</monitor>
